Size(sq.ft),Size(m2),Location,Price(HKD),Price(USD),HKD/sq.ft
5868.00,545.15,"Kowloon Tong, Hong Kong",178000000.00,22830813.00,30334.01
2720.00,252.69,"Sha Tin, Hong Kong",85000000.00,10902355.00,31250.00
2182.00,202.71,"Sha Tin, Hong Kong",69500000.00,8914278.00,31851.51
1764.00,163.88,"Kowloon Tong, Hong Kong",57000000.00,7310991.00,32312.93
1837.00,170.66,"Sai Kung, Hong Kong",51800000.00,6644023.00,28198.15
1290.00,119.84,"Mid-Levels, Hong Kong",41000000.00,5258783.00,31782.95
1482.00,137.68,"Shek Kip Mei, Hong Kong",38000000.00,4873994.00,25641.03
1104.00,102.56,"Ho Man Tin, Hong Kong",36500000.00,4681599.00,33061.59
1208.00,112.23,"Mid-levels West, Hong Kong",34000000.00,4360942.00,28145.70
1624.00,150.87,"Kowloon City, Hong Kong",33800000.00,4335289.00,20812.81
1195.00,111.02,"Ho Man Tin, Hong Kong",33000000.00,4232679.00,27615.06
1614.00,149.94,"Kowloon Tong, Hong Kong",33000000.00,4232679.00,20446.10
1659.00,154.12,Hong Kong,33000000.00,4232679.00,19891.50
916.00,85.10,"Kennedy Town, Hong Kong",32000000.00,4104416.00,34934.50
1353.00,125.70,"Ho Man Tin, Hong Kong",31000000.00,3976153.00,22912.05
1749.00,162.49,"Ho Man Tin, Hong Kong",30000000.00,3847890.00,17152.66
1359.00,126.25,"Mid-levels West, Hong Kong",29800000.00,3822237.00,21927.89
1359.00,126.25,"Mid-levels West, Hong Kong",29800000.00,3822237.00,21927.89
1383.00,128.48,"Ho Man Tin, Hong Kong",29800000.00,3822237.00,21547.36
942.00,87.51,"Mid-levels West, Hong Kong",29800000.00,3822237.00,31634.82
1104.00,102.56,"Ho Man Tin, Hong Kong",29000000.00,3719627.00,26268.12
1014.00,94.20,"Mid-Levels, Hong Kong",28500000.00,3655495.00,28106.51
1383.00,128.48,"Ho Man Tin, Hong Kong",27100000.00,3475927.00,19595.08
1155.00,107.30,"Shek Kip Mei, Hong Kong",27000000.00,3463101.00,23376.62
1592.00,147.90,"Sha Tin, Hong Kong",27000000.00,3463101.00,16959.80
1083.00,100.61,"Shek Kip Mei, Hong Kong",26800000.00,3437448.00,24746.08
1291.00,119.94,"Sha Tin, Hong Kong",26800000.00,3437448.00,20759.10
864.00,80.27,"Mid-levels West, Hong Kong",26800000.00,3437448.00,31018.52
1552.00,144.18,"Sha Tin, Hong Kong",26000000.00,3334838.00,16752.58
1227.00,113.99,"Tseung Kwan O, Hong Kong",25900000.00,3322012.00,21108.39
2029.00,188.50,"Sha Tin, Hong Kong",25880000.00,3319446.00,12755.05
1022.00,94.95,"Shek Kip Mei, Hong Kong",25800000.00,3309185.00,25244.62
863.00,80.17,"Mid-levels West, Hong Kong",25800000.00,3309185.00,29895.71
1163.00,108.05,"Kowloon Tong, Hong Kong",25500000.00,3270706.00,21926.05
1072.00,99.59,"Shek Kip Mei, Hong Kong",25000000.00,3206575.00,23320.90
1521.00,141.30,"Sha Tin, Hong Kong",25000000.00,3206575.00,16436.55
682.00,63.36,"Mid-levels West, Hong Kong",25000000.00,3206575.00,36656.89
959.00,89.09,"Ho Man Tin, Hong Kong",25000000.00,3206575.00,26068.82
1313.00,121.98,"Ho Man Tin, Hong Kong",24800000.00,3180922.00,18888.04
1027.00,95.41,"Mid-levels West, Hong Kong",24500000.00,3142443.00,23855.89
1356.00,125.98,"Ho Man Tin, Hong Kong",24500000.00,3142443.00,18067.85
1212.00,112.60,"Kowloon Tong, Hong Kong",23980000.00,3075747.00,19785.48
1088.00,101.08,"Kowloon Tong, Hong Kong",23800000.00,3052659.00,21875.00
1492.00,138.61,"Sha Tin, Hong Kong",23800000.00,3052659.00,15951.74
1212.00,112.60,"Kowloon Tong, Hong Kong",23000000.00,2950049.00,18976.90
1475.00,137.03,"Ho Man Tin, Hong Kong",23000000.00,2950049.00,15593.22
860.00,79.90,Hong Kong,23000000.00,2950049.00,26744.19
842.00,78.22,Hong Kong,22700000.00,2911570.00,26959.62
1006.00,93.46,"Ho Man Tin, Hong Kong",22000000.00,2821786.00,21868.79
1084.00,100.71,"Sha Tin, Hong Kong",22000000.00,2821786.00,20295.20
1239.00,115.11,Hong Kong,21880000.00,2806394.00,17659.40
1232.00,114.46,"Kowloon Tong, Hong Kong",21800000.00,2796133.00,17694.81
1324.00,123.00,"Ho Man Tin, Hong Kong",21800000.00,2796133.00,16465.26
1521.00,141.30,"Sha Tin, Hong Kong",21800000.00,2796133.00,14332.68
1592.00,147.90,"Sha Tin, Hong Kong",21800000.00,2796133.00,13693.47
922.00,85.66,"Kowloon Tong, Hong Kong",21800000.00,2796133.00,23644.25
1163.00,108.05,"Kowloon Tong, Hong Kong",21680000.00,2780742.00,18641.44
1088.00,101.08,"Kowloon Tong, Hong Kong",21500000.00,2757654.00,19761.03
1364.00,126.72,"Sha Tin, Hong Kong",21300000.00,2732002.00,15615.84
831.00,77.20,"Mid-Levels, Hong Kong",21300000.00,2732002.00,25631.77
1173.00,108.97,"Ho Man Tin, Hong Kong",20800000.00,2667870.00,17732.31
1195.00,111.02,"Ho Man Tin, Hong Kong",20800000.00,2667870.00,17405.86
870.00,80.82,Hong Kong,20800000.00,2667870.00,23908.05
1199.00,111.39,Hong Kong,20000000.00,2565260.00,16680.57
1346.00,125.05,"Ho Man Tin, Hong Kong",20000000.00,2565260.00,14858.84
1386.00,128.76,"Sha Tin, Hong Kong",20000000.00,2565260.00,14430.01
924.00,85.84,"Sha Tin, Hong Kong",20000000.00,2565260.00,21645.02
976.00,90.67,"Kowloon Tong, Hong Kong",20000000.00,2565260.00,20491.80
1049.00,97.45,"Shek Kip Mei, Hong Kong",19800000.00,2539607.00,18875.12
1015.00,94.30,"Sha Tin, Hong Kong",19500000.00,2501128.00,19211.82
1015.00,94.30,"Sha Tin, Hong Kong",19500000.00,2501128.00,19211.82
959.00,89.09,"Sha Tin, Hong Kong",19500000.00,2501128.00,20333.68
1027.00,95.41,"Ho Man Tin, Hong Kong",19000000.00,2436997.00,18500.49
1227.00,113.99,"Ho Man Tin, Hong Kong",19000000.00,2436997.00,15484.92
672.00,62.43,"Sheung Wan, Hong Kong",19000000.00,2436997.00,28273.81
1065.00,98.94,"Kowloon Tong, Hong Kong",18980000.00,2434432.00,17821.60
1163.00,108.05,"Ho Man Tin, Hong Kong",18800000.00,2411344.00,16165.09
772.00,71.72,"Kennedy Town, Hong Kong",18800000.00,2411344.00,24352.33
936.00,86.96,"Kowloon Tong, Hong Kong",18700000.00,2398518.00,19978.63
1004.00,93.27,"Kowloon Tong, Hong Kong",18500000.00,2372865.00,18426.29
1015.00,94.30,"Mid-levels West, Hong Kong",18500000.00,2372865.00,18226.60
1715.00,159.33,"Sha Tin, Hong Kong",18500000.00,2372865.00,10787.17
672.00,62.43,"Sheung Wan, Hong Kong",18500000.00,2372865.00,27529.76
1024.00,95.13,"Kowloon Tong, Hong Kong",18000000.00,2308734.00,17578.13
1302.00,120.96,"Ho Man Tin, Hong Kong",18000000.00,2308734.00,13824.88
862.00,80.08,"Mid-levels West, Hong Kong",18000000.00,2308734.00,20881.67
1195.00,111.02,"Ho Man Tin, Hong Kong",17980000.00,2306169.00,15046.03
845.00,78.50,"Kowloon Tong, Hong Kong",17800000.00,2283081.00,21065.09
947.00,87.98,"Tseung Kwan O, Hong Kong",17800000.00,2283081.00,18796.20
969.00,90.02,"Kowloon Tong, Hong Kong",17680000.00,2267690.00,18245.61
1038.00,96.43,"Sha Tin, Hong Kong",17500000.00,2244602.00,16859.34
682.00,63.36,"Mid-levels West, Hong Kong",17500000.00,2244602.00,25659.82
739.00,68.65,"Ho Man Tin, Hong Kong",17500000.00,2244602.00,23680.65
769.00,71.44,"Sha Tin, Hong Kong",17500000.00,2244602.00,22756.83
789.00,73.30,"Ho Man Tin, Hong Kong",17500000.00,2244602.00,22179.97
854.00,79.34,"Mid-levels West, Hong Kong",17500000.00,2244602.00,20491.80
828.00,76.92,"Tseung Kwan O, Hong Kong",17380000.00,2229211.00,20990.34
828.00,76.92,"Tseung Kwan O, Hong Kong",17380000.00,2229211.00,20990.34
917.00,85.19,"Mid-levels West, Hong Kong",17300000.00,2218950.00,18865.87
1014.00,94.20,"Sha Tin, Hong Kong",17000000.00,2180471.00,16765.29
1048.00,97.36,"Kowloon Tong, Hong Kong",17000000.00,2180471.00,16221.37
1057.00,98.20,"Kowloon Tong, Hong Kong",17000000.00,2180471.00,16083.25
1122.00,104.24,"Kowloon Tong, Hong Kong",17000000.00,2180471.00,15151.52
1143.00,106.19,"Sha Tin, Hong Kong",17000000.00,2180471.00,14873.14
1296.00,120.40,"Sha Tin, Hong Kong",16980000.00,2177906.00,13101.85
943.00,87.61,"Ho Man Tin, Hong Kong",16980000.00,2177906.00,18006.36
1184.00,110.00,"Sha Tin, Hong Kong",16900000.00,2167645.00,14273.65
1060.00,98.48,"Ho Man Tin, Hong Kong",16800000.00,2154818.00,15849.06
1073.00,99.68,"Ho Man Tin, Hong Kong",16800000.00,2154818.00,15657.04
631.00,58.62,"Kowloon Tong, Hong Kong",16800000.00,2154818.00,26624.41
841.00,78.13,"Tseung Kwan O, Hong Kong",16800000.00,2154818.00,19976.22
843.00,78.32,"Tseung Kwan O, Hong Kong",16800000.00,2154818.00,19928.83
843.00,78.32,"Tseung Kwan O, Hong Kong",16800000.00,2154818.00,19928.83
857.00,79.62,"Sha Tin, Hong Kong",16800000.00,2154818.00,19603.27
950.00,88.26,"Kowloon Tong, Hong Kong",16800000.00,2154818.00,17684.21
976.00,90.67,"Kowloon Tong, Hong Kong",16800000.00,2154818.00,17213.11
1152.00,107.02,"Ho Man Tin, Hong Kong",16500000.00,2116339.00,14322.92
1296.00,120.40,"Sha Tin, Hong Kong",16500000.00,2116339.00,12731.48
611.00,56.76,"Mid-Levels, Hong Kong",16500000.00,2116339.00,27004.91
695.00,64.57,"Mid-Levels, Hong Kong",16500000.00,2116339.00,23741.01
839.00,77.95,"Kowloon Tong, Hong Kong",16300000.00,2090687.00,19427.89
684.00,63.55,"Mid-levels West, Hong Kong",16280000.00,2088122.00,23801.17
682.00,63.36,"Mid-levels West, Hong Kong",16200000.00,2077861.00,23753.67
1012.00,94.02,"Kowloon Tong, Hong Kong",16180000.00,2075295.00,15988.14
1259.00,116.96,Hong Kong,16000000.00,2052208.00,12708.50
559.00,51.93,"Shek Kip Mei, Hong Kong",16000000.00,2052208.00,28622.54
714.00,66.33,"Mid-levels West, Hong Kong",16000000.00,2052208.00,22408.96
792.00,73.58,"Mid-levels West, Hong Kong",16000000.00,2052208.00,20202.02
835.00,77.57,"Ho Man Tin, Hong Kong",16000000.00,2052208.00,19161.68
876.00,81.38,"Kowloon Tong, Hong Kong",16000000.00,2052208.00,18264.84
897.00,83.33,"Tseung Kwan O, Hong Kong",16000000.00,2052208.00,17837.24
897.00,83.33,"Tseung Kwan O, Hong Kong",16000000.00,2052208.00,17837.24
939.00,87.24,"Kowloon Tong, Hong Kong",16000000.00,2052208.00,17039.40
1002.00,93.09,"Ho Man Tin, Hong Kong",15900000.00,2039382.00,15868.26
885.00,82.22,"Kowloon Tong, Hong Kong",15880000.00,2036816.00,17943.50
880.00,81.75,"Mid-levels West, Hong Kong",15800000.00,2026555.00,17954.55
926.00,86.03,"Ho Man Tin, Hong Kong",15800000.00,2026555.00,17062.63
914.00,84.91,"Ho Man Tin, Hong Kong",15700000.00,2013729.00,17177.24
1195.00,111.02,"Tai Po, Hong Kong",15500000.00,1988076.00,12970.71
757.00,70.33,"Sha Tin, Hong Kong",15500000.00,1988076.00,20475.56
777.00,72.19,"Kowloon Tong, Hong Kong",15500000.00,1988076.00,19948.52
942.00,87.51,"Sha Tin, Hong Kong",15500000.00,1988076.00,16454.35
942.00,87.51,"Sha Tin, Hong Kong",15500000.00,1988076.00,16454.35
954.00,88.63,Hong Kong,15500000.00,1988076.00,16247.38
977.00,90.77,"Shek Kip Mei, Hong Kong",15500000.00,1988076.00,15864.89
1075.00,99.87,"Ho Man Tin, Hong Kong",15400000.00,1975250.00,14325.58
685.00,63.64,"Kennedy Town, Hong Kong",15300000.00,1962424.00,22335.77
1296.00,120.40,"Sha Tin, Hong Kong",15000000.00,1923945.00,11574.07
803.00,74.60,"Kowloon Tong, Hong Kong",15000000.00,1923945.00,18679.95
807.00,74.97,"Shek Kip Mei, Hong Kong",15000000.00,1923945.00,18587.36
807.00,74.97,"Shek Kip Mei, Hong Kong",15000000.00,1923945.00,18587.36
778.00,72.28,"Ho Man Tin, Hong Kong",14980000.00,1921380.00,19254.50
802.00,74.51,"Kowloon Tong, Hong Kong",14980000.00,1921380.00,18678.30
966.00,89.74,"Ho Man Tin, Hong Kong",14900000.00,1911119.00,15424.43
996.00,92.53,"Ho Man Tin, Hong Kong",14900000.00,1911119.00,14959.84
775.00,72.00,"Kowloon Tong, Hong Kong",14800000.00,1898292.00,19096.77
942.00,87.51,"Sha Tin, Hong Kong",14800000.00,1898292.00,15711.25
946.00,87.89,"Sha Tin, Hong Kong",14800000.00,1898292.00,15644.82
955.00,88.72,Hong Kong,14800000.00,1898292.00,15497.38
709.00,65.87,"Tseung Kwan O, Hong Kong",14600000.00,1872640.00,20592.38
709.00,65.87,"Tseung Kwan O, Hong Kong",14600000.00,1872640.00,20592.38
709.00,65.87,"Tseung Kwan O, Hong Kong",14600000.00,1872640.00,20592.38
712.00,66.15,Hong Kong,14600000.00,1872640.00,20505.62
1130.00,104.98,"Ho Man Tin, Hong Kong",14500000.00,1859813.00,12831.86
567.00,52.68,"Sheung Wan, Hong Kong",14500000.00,1859813.00,25573.19
781.00,72.56,"Kowloon Tong, Hong Kong",14500000.00,1859813.00,18565.94
942.00,87.51,"Sha Tin, Hong Kong",14500000.00,1859813.00,15392.78
978.00,90.86,"Ho Man Tin, Hong Kong",14500000.00,1859813.00,14826.18
987.00,91.69,"Ho Man Tin, Hong Kong",14500000.00,1859813.00,14690.98
803.00,74.60,"Kowloon Tong, Hong Kong",14380000.00,1844422.00,17907.85
1038.00,96.43,"Sha Tin, Hong Kong",14300000.00,1834161.00,13776.49
672.00,62.43,"Tseung Kwan O, Hong Kong",14080000.00,1805943.00,20952.38
672.00,62.43,"Tseung Kwan O, Hong Kong",14080000.00,1805943.00,20952.38
771.00,71.63,"Ho Man Tin, Hong Kong",14030000.00,1799530.00,18197.15
1005.00,93.37,"Sha Tin, Hong Kong",14000000.00,1795682.00,13930.35
1102.00,102.38,"Sha Tin, Hong Kong",14000000.00,1795682.00,12704.17
721.00,66.98,"Tseung Kwan O, Hong Kong",14000000.00,1795682.00,19417.48
721.00,66.98,"Tseung Kwan O, Hong Kong",14000000.00,1795682.00,19417.48
758.00,70.42,"Kowloon Tong, Hong Kong",14000000.00,1795682.00,18469.66
718.00,66.70,"Shek Kip Mei, Hong Kong",13980000.00,1793117.00,19470.75
776.00,72.09,"Sha Tin, Hong Kong",13980000.00,1793117.00,18015.46
996.00,92.53,"Ho Man Tin, Hong Kong",13980000.00,1793117.00,14036.14
807.00,74.97,"Shek Kip Mei, Hong Kong",13900000.00,1782856.00,17224.29
958.00,89.00,"Sha Tin, Hong Kong",13880000.00,1780290.00,14488.52
555.00,51.56,"Mid-levels West, Hong Kong",13800000.00,1770029.00,24864.86
686.00,63.73,Hong Kong,13700000.00,1757203.00,19970.85
686.00,63.73,"Kowloon Tong, Hong Kong",13500000.00,1731550.00,19679.30
689.00,64.01,"Sha Tin, Hong Kong",13500000.00,1731550.00,19593.61
694.00,64.47,"Kowloon Tong, Hong Kong",13500000.00,1731550.00,19452.45
702.00,65.22,"Kowloon Tong, Hong Kong",13500000.00,1731550.00,19230.77
764.00,70.98,"Kowloon City, Hong Kong",13500000.00,1731550.00,17670.16
801.00,74.41,"Ho Man Tin, Hong Kong",13500000.00,1731550.00,16853.93
962.00,89.37,"Sha Tin, Hong Kong",13380000.00,1716159.00,13908.52
680.00,63.17,"Sha Tin, Hong Kong",13300000.00,1705898.00,19558.82
766.00,71.16,"Ho Man Tin, Hong Kong",13300000.00,1705898.00,17362.92
974.00,90.49,"Tseung Kwan O, Hong Kong",13200000.00,1693072.00,13552.36
974.00,90.49,"Tseung Kwan O, Hong Kong",13200000.00,1693072.00,13552.36
524.00,48.68,"Mid-levels West, Hong Kong",13100000.00,1680245.00,25000.00
765.00,71.07,Hong Kong,13100000.00,1680245.00,17124.18
1023.00,95.04,"Ho Man Tin, Hong Kong",13000000.00,1667419.00,12707.72
1093.00,101.54,"Sha Tin, Hong Kong",13000000.00,1667419.00,11893.87
524.00,48.68,"Mid-levels West, Hong Kong",13000000.00,1667419.00,24809.16
635.00,58.99,"Wan Chai, Hong Kong",13000000.00,1667419.00,20472.44
653.00,60.67,"Mid-levels West, Hong Kong",13000000.00,1667419.00,19908.12
677.00,62.89,"Sha Tin, Hong Kong",13000000.00,1667419.00,19202.36
741.00,68.84,"Sha Tin, Hong Kong",13000000.00,1667419.00,17543.86
761.00,70.70,"Kowloon Tong, Hong Kong",13000000.00,1667419.00,17082.79
766.00,71.16,"Ho Man Tin, Hong Kong",13000000.00,1667419.00,16971.28
766.00,71.16,"Ho Man Tin, Hong Kong",13000000.00,1667419.00,16971.28
828.00,76.92,"Tai Po, Hong Kong",13000000.00,1667419.00,15700.48
839.00,77.95,"Ho Man Tin, Hong Kong",13000000.00,1667419.00,15494.64
900.00,83.61,"Sha Tin, Hong Kong",13000000.00,1667419.00,14444.44
674.00,62.62,"Tseung Kwan O, Hong Kong",12980000.00,1664854.00,19258.16
674.00,62.62,"Tseung Kwan O, Hong Kong",12980000.00,1664854.00,19258.16
778.00,72.28,"Ho Man Tin, Hong Kong",12900000.00,1654593.00,16580.98
1069.00,99.31,"Ho Man Tin, Hong Kong",12800000.00,1641766.00,11973.81
1128.00,104.79,"Tai Po, Hong Kong",12800000.00,1641766.00,11347.52
521.00,48.40,"Mid-levels West, Hong Kong",12800000.00,1641766.00,24568.14
592.00,55.00,"Mid-levels West, Hong Kong",12800000.00,1641766.00,21621.62
674.00,62.62,"Tseung Kwan O, Hong Kong",12800000.00,1641766.00,18991.10
674.00,62.62,"Tseung Kwan O, Hong Kong",12800000.00,1641766.00,18991.10
678.00,62.99,"Sha Tin, Hong Kong",12800000.00,1641766.00,18879.06
679.00,63.08,"Sha Tin, Hong Kong",12800000.00,1641766.00,18851.25
731.00,67.91,"Tseung Kwan O, Hong Kong",12800000.00,1641766.00,17510.26
761.00,70.70,"Tseung Kwan O, Hong Kong",12800000.00,1641766.00,16819.97
761.00,70.70,"Tseung Kwan O, Hong Kong",12800000.00,1641766.00,16819.97
766.00,71.16,"Ho Man Tin, Hong Kong",12800000.00,1641766.00,16710.18
685.00,63.64,"Kowloon Tong, Hong Kong",12600000.00,1616114.00,18394.16
685.00,63.64,"Kowloon Tong, Hong Kong",12600000.00,1616114.00,18394.16
950.00,88.26,"Tuen Mun, Hong Kong",12600000.00,1616114.00,13263.16
950.00,88.26,"Tuen Mun, Hong Kong",12600000.00,1616114.00,13263.16
633.00,58.81,"Tseung Kwan O, Hong Kong",12500000.00,1603287.00,19747.24
633.00,58.81,"Tseung Kwan O, Hong Kong",12500000.00,1603287.00,19747.24
644.00,59.83,"Tseung Kwan O, Hong Kong",12500000.00,1603287.00,19409.94
701.00,65.12,"Tseung Kwan O, Hong Kong",12500000.00,1603287.00,17831.67
712.00,66.15,"Ho Man Tin, Hong Kong",12500000.00,1603287.00,17556.18
728.00,67.63,"Ho Man Tin, Hong Kong",12500000.00,1603287.00,17170.33
739.00,68.65,"Sha Tin, Hong Kong",12500000.00,1603287.00,16914.75
807.00,74.97,"Ho Man Tin, Hong Kong",12500000.00,1603287.00,15489.47
821.00,76.27,"Kowloon Tong, Hong Kong",12500000.00,1603287.00,15225.33
865.00,80.36,"Sha Tin, Hong Kong",12500000.00,1603287.00,14450.87
908.00,84.36,"Sha Tin, Hong Kong",12500000.00,1603287.00,13766.52
679.00,63.08,"Sha Tin, Hong Kong",12480000.00,1600722.00,18379.97
721.00,66.98,"Ho Man Tin, Hong Kong",12200000.00,1564809.00,16920.94
534.00,49.61,"Mid-levels West, Hong Kong",12000000.00,1539156.00,22471.91
585.00,54.35,"Kowloon Tong, Hong Kong",12000000.00,1539156.00,20512.82
587.00,54.53,"Mid-levels West, Hong Kong",12000000.00,1539156.00,20442.93
587.00,54.53,"Mid-levels West, Hong Kong",12000000.00,1539156.00,20442.93
670.00,62.24,"Kowloon Tong, Hong Kong",12000000.00,1539156.00,17910.45
701.00,65.12,"Tseung Kwan O, Hong Kong",12000000.00,1539156.00,17118.40
701.00,65.12,"Tseung Kwan O, Hong Kong",12000000.00,1539156.00,17118.40
702.00,65.22,"Tseung Kwan O, Hong Kong",12000000.00,1539156.00,17094.02
809.00,75.16,"Tseung Kwan O, Hong Kong",12000000.00,1539156.00,14833.13
865.00,80.36,"Sha Tin, Hong Kong",12000000.00,1539156.00,13872.83
894.00,83.05,"Sha Tin, Hong Kong",12000000.00,1539156.00,13422.82
600.00,55.74,"Aberdeen, Hong Kong",11900000.00,1526330.00,19833.33
805.00,74.79,"Tseung Kwan O, Hong Kong",11900000.00,1526330.00,14782.61
805.00,74.79,"Tseung Kwan O, Hong Kong",11900000.00,1526330.00,14782.61
505.00,46.92,"Mid-Levels, Hong Kong",11800000.00,1513503.00,23366.34
587.00,54.53,"Mid-levels West, Hong Kong",11800000.00,1513503.00,20102.21
664.00,61.69,"Ho Man Tin, Hong Kong",11800000.00,1513503.00,17771.08
735.00,68.28,"Tseung Kwan O, Hong Kong",11800000.00,1513503.00,16054.42
735.00,68.28,"Tseung Kwan O, Hong Kong",11800000.00,1513503.00,16054.42
785.00,72.93,"Tseung Kwan O, Hong Kong",11800000.00,1513503.00,15031.85
748.00,69.49,"Yau Tong, Hong Kong",11780000.00,1510938.00,15748.66
564.00,52.40,"Kennedy Town, Hong Kong",11700000.00,1500677.00,20744.68
638.00,59.27,"Kowloon Tong, Hong Kong",11650000.00,1494264.00,18260.19
587.00,54.53,"Mid-levels West, Hong Kong",11600000.00,1487851.00,19761.50
686.00,63.73,"Sha Tin, Hong Kong",11520000.00,1477590.00,16793.00
434.00,40.32,"Kennedy Town, Hong Kong",11500000.00,1475024.00,26497.70
597.00,55.46,"Tseung Kwan O, Hong Kong",11500000.00,1475024.00,19262.98
597.00,55.46,"Tseung Kwan O, Hong Kong",11500000.00,1475024.00,19262.98
640.00,59.46,"Kowloon Tong, Hong Kong",11500000.00,1475024.00,17968.75
698.00,64.85,"Tseung Kwan O, Hong Kong",11500000.00,1475024.00,16475.64
698.00,64.85,"Tseung Kwan O, Hong Kong",11500000.00,1475024.00,16475.64
748.00,69.49,"Yau Tong, Hong Kong",11500000.00,1475024.00,15374.33
523.00,48.59,"Kennedy Town, Hong Kong",11480000.00,1472459.00,21950.29
611.00,56.76,"Kowloon Tong, Hong Kong",11480000.00,1472459.00,18788.87
650.00,60.39,"Tseung Kwan O, Hong Kong",11450000.00,1468611.00,17615.38
650.00,60.39,"Tseung Kwan O, Hong Kong",11450000.00,1468611.00,17615.38
507.00,47.10,"Sha Tin, Hong Kong",11400000.00,1462198.00,22485.21
633.00,58.81,"Tseung Kwan O, Hong Kong",11300000.00,1449372.00,17851.50
633.00,58.81,"Tseung Kwan O, Hong Kong",11300000.00,1449372.00,17851.50
646.00,60.01,"Tseung Kwan O, Hong Kong",11000000.00,1410893.00,17027.86
705.00,65.50,"Sha Tin, Hong Kong",11000000.00,1410893.00,15602.84
712.00,66.15,"Ho Man Tin, Hong Kong",11000000.00,1410893.00,15449.44
713.00,66.24,"Tseung Kwan O, Hong Kong",11000000.00,1410893.00,15427.77
713.00,66.24,"Tseung Kwan O, Hong Kong",11000000.00,1410893.00,15427.77
713.00,66.24,"Tseung Kwan O, Hong Kong",11000000.00,1410893.00,15427.77
713.00,66.24,"Tseung Kwan O, Hong Kong",11000000.00,1410893.00,15427.77
717.00,66.61,"Ho Man Tin, Hong Kong",11000000.00,1410893.00,15341.70
718.00,66.70,"Sha Tin, Hong Kong",11000000.00,1410893.00,15320.33
725.00,67.35,"Ho Man Tin, Hong Kong",11000000.00,1410893.00,15172.41
822.00,76.37,"Sha Tin, Hong Kong",11000000.00,1410893.00,13382.00
568.00,52.77,"Tseung Kwan O, Hong Kong",10990000.00,1409610.00,19348.59
568.00,52.77,"Tseung Kwan O, Hong Kong",10990000.00,1409610.00,19348.59
667.00,61.97,"Ho Man Tin, Hong Kong",10900000.00,1398067.00,16341.83
913.00,84.82,"Tai Po, Hong Kong",10900000.00,1398067.00,11938.66
849.00,78.87,"Sha Tin, Hong Kong",10880000.00,1395501.00,12815.08
389.00,36.14,"Kennedy Town, Hong Kong",10800000.00,1385240.00,27763.50
748.00,69.49,"Yau Tong, Hong Kong",10800000.00,1385240.00,14438.50
749.00,69.58,"Sha Tin, Hong Kong",10700000.00,1372414.00,14285.71
551.00,51.19,"Tseung Kwan O, Hong Kong",10680000.00,1369849.00,19382.94
551.00,51.19,"Tseung Kwan O, Hong Kong",10680000.00,1369849.00,19382.94
620.00,57.60,"Kowloon Tong, Hong Kong",10680000.00,1369849.00,17225.81
547.00,50.82,"Kowloon Tong, Hong Kong",10600000.00,1359588.00,19378.43
626.00,58.16,"Tseung Kwan O, Hong Kong",10600000.00,1359588.00,16932.91
546.00,50.72,"Ho Man Tin, Hong Kong",10500000.00,1346761.00,19230.77
567.00,52.68,"Tseung Kwan O, Hong Kong",10500000.00,1346761.00,18518.52
605.00,56.21,"Aberdeen, Hong Kong",10500000.00,1346761.00,17355.37
616.00,57.23,"Tai Po, Hong Kong",10500000.00,1346761.00,17045.45
646.00,60.01,"Tseung Kwan O, Hong Kong",10500000.00,1346761.00,16253.87
646.00,60.01,"Tseung Kwan O, Hong Kong",10500000.00,1346761.00,16253.87
705.00,65.50,"Sha Tin, Hong Kong",10500000.00,1346761.00,14893.62
661.00,61.41,"Yau Tong, Hong Kong",10480000.00,1344196.00,15854.77
644.00,59.83,"Tseung Kwan O, Hong Kong",10300000.00,1321109.00,15993.79
644.00,59.83,"Tseung Kwan O, Hong Kong",10300000.00,1321109.00,15993.79
702.00,65.22,Hong Kong,10300000.00,1321109.00,14672.36
733.00,68.10,"Tseung Kwan O, Hong Kong",10300000.00,1321109.00,14051.84
733.00,68.10,"Tseung Kwan O, Hong Kong",10300000.00,1321109.00,14051.84
764.00,70.98,"Sha Tin, Hong Kong",10300000.00,1321109.00,13481.68
531.00,49.33,"Kowloon Tong, Hong Kong",10280000.00,1318544.00,19359.70
475.00,44.13,"Mid-levels West, Hong Kong",10200000.00,1308283.00,21473.68
659.00,61.22,"Tseung Kwan O, Hong Kong",10100000.00,1295456.00,15326.25
659.00,61.22,"Tseung Kwan O, Hong Kong",10100000.00,1295456.00,15326.25
708.00,65.77,"Tseung Kwan O, Hong Kong",10080000.00,1292891.00,14237.29
708.00,65.77,"Tseung Kwan O, Hong Kong",10080000.00,1292891.00,14237.29
1118.00,103.86,"Sha Tin, Hong Kong",10000000.00,1282630.00,8944.54
476.00,44.22,"Tseung Kwan O, Hong Kong",10000000.00,1282630.00,21008.40
476.00,44.22,"Tseung Kwan O, Hong Kong",10000000.00,1282630.00,21008.40
622.00,57.79,"Sha Tin, Hong Kong",10000000.00,1282630.00,16077.17
674.00,62.62,"Sha Tin, Hong Kong",10000000.00,1282630.00,14836.80
719.00,66.80,"Tseung Kwan O, Hong Kong",10000000.00,1282630.00,13908.21
719.00,66.80,"Tseung Kwan O, Hong Kong",10000000.00,1282630.00,13908.21
733.00,68.10,"Ho Man Tin, Hong Kong",10000000.00,1282630.00,13642.56
470.00,43.66,"Tseung Kwan O, Hong Kong",9980000.00,1280065.00,21234.04
538.00,49.98,"Tseung Kwan O, Hong Kong",9980000.00,1280065.00,18550.19
538.00,49.98,"Tseung Kwan O, Hong Kong",9980000.00,1280065.00,18550.19
626.00,58.16,"Tseung Kwan O, Hong Kong",9980000.00,1280065.00,15942.49
626.00,58.16,"Tseung Kwan O, Hong Kong",9980000.00,1280065.00,15942.49
631.00,58.62,"Tseung Kwan O, Hong Kong",9980000.00,1280065.00,15816.16
631.00,58.62,"Tseung Kwan O, Hong Kong",9980000.00,1280065.00,15816.16
421.00,39.11,"Kowloon Tong, Hong Kong",9900000.00,1269804.00,23515.44
594.00,55.18,"Sha Tin, Hong Kong",9890000.00,1268521.00,16649.83
526.00,48.87,"Tai Po, Hong Kong",9810000.00,1258260.00,18650.19
324.00,30.10,"Kennedy Town, Hong Kong",9800000.00,1256977.00,30246.91
348.00,32.33,"Kennedy Town, Hong Kong",9800000.00,1256977.00,28160.92
498.00,46.27,"Tseung Kwan O, Hong Kong",9800000.00,1256977.00,19678.71
498.00,46.27,"Tseung Kwan O, Hong Kong",9800000.00,1256977.00,19678.71
513.00,47.66,"Tseung Kwan O, Hong Kong",9800000.00,1256977.00,19103.31
513.00,47.66,"Tseung Kwan O, Hong Kong",9800000.00,1256977.00,19103.31
538.00,49.98,"Tseung Kwan O, Hong Kong",9800000.00,1256977.00,18215.61
538.00,49.98,"Tseung Kwan O, Hong Kong",9800000.00,1256977.00,18215.61
538.00,49.98,"Tseung Kwan O, Hong Kong",9800000.00,1256977.00,18215.61
538.00,49.98,"Aberdeen, Hong Kong",9800000.00,1256977.00,18215.61
606.00,56.30,"Ho Man Tin, Hong Kong",9800000.00,1256977.00,16171.62
687.00,63.82,"Yau Tong, Hong Kong",9800000.00,1256977.00,14264.92
527.00,48.96,"Aberdeen, Hong Kong",9750000.00,1250564.00,18500.95
489.00,45.43,"Tseung Kwan O, Hong Kong",9700000.00,1244151.00,19836.40
489.00,45.43,"Tseung Kwan O, Hong Kong",9700000.00,1244151.00,19836.40
622.00,57.79,"Sha Tin, Hong Kong",9700000.00,1244151.00,15594.86
538.00,49.98,"Tseung Kwan O, Hong Kong",9680000.00,1241586.00,17992.57
538.00,49.98,"Tseung Kwan O, Hong Kong",9680000.00,1241586.00,17992.57
538.00,49.98,"Tseung Kwan O, Hong Kong",9680000.00,1241586.00,17992.57
687.00,63.82,"Yau Tong, Hong Kong",9680000.00,1241586.00,14090.25
455.00,42.27,"Sheung Wan, Hong Kong",9600000.00,1231325.00,21098.90
356.00,33.07,"Tseung Kwan O, Hong Kong",9500000.00,1218498.00,26685.39
700.00,65.03,Hong Kong,9500000.00,1218498.00,13571.43
741.00,68.84,"Tseung Kwan O, Hong Kong",9500000.00,1218498.00,12820.51
736.00,68.38,"Tseung Kwan O, Hong Kong",9480000.00,1215933.00,12880.43
324.00,30.10,"Kennedy Town, Hong Kong",9400000.00,1205672.00,29012.35
526.00,48.87,"Tseung Kwan O, Hong Kong",9400000.00,1205672.00,17870.72
619.00,57.51,"Tseung Kwan O, Hong Kong",9400000.00,1205672.00,15185.78
589.00,54.72,"Sha Tin, Hong Kong",9350000.00,1199259.00,15874.36
605.00,56.21,"Tseung Kwan O, Hong Kong",9300000.00,1192846.00,15371.90
605.00,56.21,"Tseung Kwan O, Hong Kong",9300000.00,1192846.00,15371.90
693.00,64.38,"Tseung Kwan O, Hong Kong",9300000.00,1192846.00,13419.91
693.00,64.38,"Tseung Kwan O, Hong Kong",9300000.00,1192846.00,13419.91
495.00,45.99,"Tseung Kwan O, Hong Kong",9290000.00,1191563.00,18767.68
495.00,45.99,"Tseung Kwan O, Hong Kong",9290000.00,1191563.00,18767.68
495.00,45.99,"Tseung Kwan O, Hong Kong",9290000.00,1191563.00,18767.68
432.00,40.13,"Mid-levels West, Hong Kong",9280000.00,1190281.00,21481.48
526.00,48.87,"Tseung Kwan O, Hong Kong",9280000.00,1190281.00,17642.59
526.00,48.87,"Tseung Kwan O, Hong Kong",9280000.00,1190281.00,17642.59
546.00,50.72,"Kowloon Tong, Hong Kong",9280000.00,1190281.00,16996.34
590.00,54.81,"Tseung Kwan O, Hong Kong",9250000.00,1186433.00,15677.97
590.00,54.81,"Tseung Kwan O, Hong Kong",9250000.00,1186433.00,15677.97
470.00,43.66,"Mid-Levels, Hong Kong",9200000.00,1180020.00,19574.47
661.00,61.41,"Yau Tong, Hong Kong",9200000.00,1180020.00,13918.31
527.00,48.96,"Aberdeen, Hong Kong",9180000.00,1177454.00,17419.35
657.00,61.04,"Sha Tin, Hong Kong",9180000.00,1177454.00,13972.60
644.00,59.83,"Tseung Kwan O, Hong Kong",9150000.00,1173606.00,14208.07
471.00,43.76,"Tseung Kwan O, Hong Kong",9080000.00,1164628.00,19278.13
583.00,54.16,"Sha Tin, Hong Kong",9000000.00,1154367.00,15437.39
650.00,60.39,"Tseung Kwan O, Hong Kong",9000000.00,1154367.00,13846.15
662.00,61.50,"Sha Tin, Hong Kong",9000000.00,1154367.00,13595.17
750.00,69.68,"Tai Po, Hong Kong",9000000.00,1154367.00,12000.00
583.00,54.16,"Sha Tin, Hong Kong",8990000.00,1153084.00,15420.24
590.00,54.81,"Tai Po, Hong Kong",8980000.00,1151802.00,15220.34
333.00,30.94,"Causeway Bay, Hong Kong",8950000.00,1147954.00,26876.88
526.00,48.87,"Tseung Kwan O, Hong Kong",8900000.00,1141541.00,16920.15
526.00,48.87,"Tseung Kwan O, Hong Kong",8900000.00,1141541.00,16920.15
526.00,48.87,"Tseung Kwan O, Hong Kong",8900000.00,1141541.00,16920.15
526.00,48.87,"Tseung Kwan O, Hong Kong",8900000.00,1141541.00,16920.15
526.00,48.87,"Tseung Kwan O, Hong Kong",8900000.00,1141541.00,16920.15
533.00,49.52,"Tseung Kwan O, Hong Kong",8900000.00,1141541.00,16697.94
533.00,49.52,"Tseung Kwan O, Hong Kong",8900000.00,1141541.00,16697.94
533.00,49.52,"Tseung Kwan O, Hong Kong",8900000.00,1141541.00,16697.94
639.00,59.36,"Sha Tin, Hong Kong",8900000.00,1141541.00,13928.01
656.00,60.94,"Tseung Kwan O, Hong Kong",8900000.00,1141541.00,13567.07
503.00,46.73,Hong Kong,8850000.00,1135128.00,17594.43
504.00,46.82,"Sha Tin, Hong Kong",8810000.00,1129997.00,17480.16
555.00,51.56,"Sha Tin, Hong Kong",8810000.00,1129997.00,15873.87
384.00,35.67,Hong Kong,8800000.00,1128714.00,22916.67
411.00,38.18,"Kowloon Tong, Hong Kong",8800000.00,1128714.00,21411.19
441.00,40.97,"Tseung Kwan O, Hong Kong",8800000.00,1128714.00,19954.65
441.00,40.97,"Tseung Kwan O, Hong Kong",8800000.00,1128714.00,19954.65
547.00,50.82,"Kowloon Tong, Hong Kong",8800000.00,1128714.00,16087.75
654.00,60.76,"Tseung Kwan O, Hong Kong",8800000.00,1128714.00,13455.66
654.00,60.76,"Tseung Kwan O, Hong Kong",8800000.00,1128714.00,13455.66
654.00,60.76,"Tseung Kwan O, Hong Kong",8800000.00,1128714.00,13455.66
427.00,39.67,"Hung Hom, Hong Kong",8780000.00,1126149.00,20562.06
680.00,63.17,"Lam Tin, Hong Kong",8780000.00,1126149.00,12911.76
607.00,56.39,"Sha Tin, Hong Kong",8680000.00,1113323.00,14299.84
526.00,48.87,"Tseung Kwan O, Hong Kong",8600000.00,1103062.00,16349.81
526.00,48.87,"Tseung Kwan O, Hong Kong",8600000.00,1103062.00,16349.81
578.00,53.70,"Tseung Kwan O, Hong Kong",8600000.00,1103062.00,14878.89
578.00,53.70,"Tseung Kwan O, Hong Kong",8600000.00,1103062.00,14878.89
578.00,53.70,"Tseung Kwan O, Hong Kong",8600000.00,1103062.00,14878.89
651.00,60.48,"Sha Tin, Hong Kong",8600000.00,1103062.00,13210.45
524.00,48.68,"Tseung Kwan O, Hong Kong",8580000.00,1100497.00,16374.05
524.00,48.68,"Tseung Kwan O, Hong Kong",8580000.00,1100497.00,16374.05
302.00,28.06,"Wan Chai, Hong Kong",8500000.00,1090235.00,28145.70
399.00,37.07,"Sha Tin, Hong Kong",8500000.00,1090235.00,21303.26
524.00,48.68,"Tseung Kwan O, Hong Kong",8500000.00,1090235.00,16221.37
526.00,48.87,"Tseung Kwan O, Hong Kong",8500000.00,1090235.00,16159.70
526.00,48.87,"Tseung Kwan O, Hong Kong",8500000.00,1090235.00,16159.70
578.00,53.70,"Tseung Kwan O, Hong Kong",8500000.00,1090235.00,14705.88
578.00,53.70,"Tseung Kwan O, Hong Kong",8500000.00,1090235.00,14705.88
578.00,53.70,"Tseung Kwan O, Hong Kong",8500000.00,1090235.00,14705.88
583.00,54.16,"Tseung Kwan O, Hong Kong",8500000.00,1090235.00,14579.76
583.00,54.16,"Tseung Kwan O, Hong Kong",8500000.00,1090235.00,14579.76
614.00,57.04,"Tseung Kwan O, Hong Kong",8500000.00,1090235.00,13843.65
614.00,57.04,"Tseung Kwan O, Hong Kong",8500000.00,1090235.00,13843.65
631.00,58.62,"Tai Po, Hong Kong",8430000.00,1081257.00,13359.75
417.00,38.74,"Tseung Kwan O, Hong Kong",8400000.00,1077409.00,20143.88
417.00,38.74,"Tseung Kwan O, Hong Kong",8400000.00,1077409.00,20143.88
417.00,38.74,"Tseung Kwan O, Hong Kong",8400000.00,1077409.00,20143.88
441.00,40.97,"Tseung Kwan O, Hong Kong",8400000.00,1077409.00,19047.62
441.00,40.97,"Tseung Kwan O, Hong Kong",8400000.00,1077409.00,19047.62
526.00,48.87,"Tseung Kwan O, Hong Kong",8400000.00,1077409.00,15969.58
526.00,48.87,"Tseung Kwan O, Hong Kong",8400000.00,1077409.00,15969.58
654.00,60.76,"Tseung Kwan O, Hong Kong",8400000.00,1077409.00,12844.04
654.00,60.76,"Tseung Kwan O, Hong Kong",8400000.00,1077409.00,12844.04
670.00,62.24,"Sha Tin, Hong Kong",8400000.00,1077409.00,12537.31
561.00,52.12,"Tai Po, Hong Kong",8380000.00,1074844.00,14937.61
656.00,60.94,"Tseung Kwan O, Hong Kong",8380000.00,1074844.00,12774.39
656.00,60.94,"Tseung Kwan O, Hong Kong",8380000.00,1074844.00,12774.39
761.00,70.70,"Tai Po, Hong Kong",8380000.00,1074844.00,11011.83
571.00,53.05,"Sha Tin, Hong Kong",8310000.00,1065866.00,14553.42
524.00,48.68,"Tseung Kwan O, Hong Kong",8300000.00,1064583.00,15839.69
556.00,51.65,"Tseung Kwan O, Hong Kong",8300000.00,1064583.00,14928.06
556.00,51.65,"Tseung Kwan O, Hong Kong",8300000.00,1064583.00,14928.06
578.00,53.70,"Tseung Kwan O, Hong Kong",8300000.00,1064583.00,14359.86
578.00,53.70,"Tseung Kwan O, Hong Kong",8300000.00,1064583.00,14359.86
578.00,53.70,"Tseung Kwan O, Hong Kong",8300000.00,1064583.00,14359.86
517.00,48.03,"Yau Tong, Hong Kong",8280000.00,1062018.00,16015.47
526.00,48.87,"Tai Po, Hong Kong",8250000.00,1058170.00,15684.41
377.00,35.02,"Mid-levels West, Hong Kong",8200000.00,1051757.00,21750.66
440.00,40.88,"Kowloon Tong, Hong Kong",8200000.00,1051757.00,18636.36
470.00,43.66,"Tseung Kwan O, Hong Kong",8200000.00,1051757.00,17446.81
470.00,43.66,"Tseung Kwan O, Hong Kong",8200000.00,1051757.00,17446.81
471.00,43.76,"Kennedy Town, Hong Kong",8200000.00,1051757.00,17409.77
502.00,46.64,"Tseung Kwan O, Hong Kong",8200000.00,1051757.00,16334.66
502.00,46.64,"Tseung Kwan O, Hong Kong",8200000.00,1051757.00,16334.66
517.00,48.03,"Yau Tong, Hong Kong",8200000.00,1051757.00,15860.74
517.00,48.03,"Yau Tong, Hong Kong",8200000.00,1051757.00,15860.74
531.00,49.33,"Tseung Kwan O, Hong Kong",8200000.00,1051757.00,15442.56
531.00,49.33,"Tseung Kwan O, Hong Kong",8200000.00,1051757.00,15442.56
601.00,55.83,"Tseung Kwan O, Hong Kong",8200000.00,1051757.00,13643.93
614.00,57.04,"Tseung Kwan O, Hong Kong",8200000.00,1051757.00,13355.05
492.00,45.71,"Ho Man Tin, Hong Kong",8180000.00,1049191.00,16626.02
506.00,47.01,"Tseung Kwan O, Hong Kong",8180000.00,1049191.00,16166.01
506.00,47.01,"Tseung Kwan O, Hong Kong",8180000.00,1049191.00,16166.01
511.00,47.47,"Tseung Kwan O, Hong Kong",8100000.00,1038930.00,15851.27
511.00,47.47,"Tseung Kwan O, Hong Kong",8100000.00,1038930.00,15851.27
572.00,53.14,"Tai Po, Hong Kong",8100000.00,1038930.00,14160.84
601.00,55.83,"Tseung Kwan O, Hong Kong",8100000.00,1038930.00,13477.54
601.00,55.83,"Tseung Kwan O, Hong Kong",8100000.00,1038930.00,13477.54
363.00,33.72,"Tseung Kwan O, Hong Kong",8050000.00,1032517.00,22176.31
363.00,33.72,"Tseung Kwan O, Hong Kong",8050000.00,1032517.00,22176.31
436.00,40.51,"Tseung Kwan O, Hong Kong",8000000.00,1026104.00,18348.62
436.00,40.51,"Tseung Kwan O, Hong Kong",8000000.00,1026104.00,18348.62
441.00,40.97,"Tseung Kwan O, Hong Kong",8000000.00,1026104.00,18140.59
441.00,40.97,"Tseung Kwan O, Hong Kong",8000000.00,1026104.00,18140.59
441.00,40.97,"Tseung Kwan O, Hong Kong",8000000.00,1026104.00,18140.59
441.00,40.97,"Tseung Kwan O, Hong Kong",8000000.00,1026104.00,18140.59
502.00,46.64,"Tseung Kwan O, Hong Kong",8000000.00,1026104.00,15936.25
502.00,46.64,"Tseung Kwan O, Hong Kong",8000000.00,1026104.00,15936.25
512.00,47.57,"Tseung Kwan O, Hong Kong",8000000.00,1026104.00,15625.00
512.00,47.57,"Tseung Kwan O, Hong Kong",8000000.00,1026104.00,15625.00
523.00,48.59,"Kwai Chung, Hong Kong",8000000.00,1026104.00,15296.37
524.00,48.68,"Sha Tin, Hong Kong",8000000.00,1026104.00,15267.18
601.00,55.83,"Tseung Kwan O, Hong Kong",8000000.00,1026104.00,13311.15
604.00,56.11,"Tseung Kwan O, Hong Kong",8000000.00,1026104.00,13245.03
604.00,56.11,"Tseung Kwan O, Hong Kong",8000000.00,1026104.00,13245.03
604.00,56.11,"Tseung Kwan O, Hong Kong",8000000.00,1026104.00,13245.03
702.00,65.22,"Tuen Mun, Hong Kong",8000000.00,1026104.00,11396.01
572.00,53.14,"Tai Po, Hong Kong",7990000.00,1024821.00,13968.53
604.00,56.11,"Tseung Kwan O, Hong Kong",7980000.00,1023539.00,13211.92
604.00,56.11,"Tseung Kwan O, Hong Kong",7980000.00,1023539.00,13211.92
620.00,57.60,"Tai Po, Hong Kong",7980000.00,1023539.00,12870.97
502.00,46.64,"Tseung Kwan O, Hong Kong",7950000.00,1019691.00,15836.65
457.00,42.46,"Tseung Kwan O, Hong Kong",7900000.00,1013278.00,17286.65
467.00,43.39,"Sha Tin, Hong Kong",7900000.00,1013278.00,16916.49
505.00,46.92,"Tai Po, Hong Kong",7900000.00,1013278.00,15643.56
601.00,55.83,"Tseung Kwan O, Hong Kong",7900000.00,1013278.00,13144.76
601.00,55.83,"Tseung Kwan O, Hong Kong",7900000.00,1013278.00,13144.76
601.00,55.83,"Tseung Kwan O, Hong Kong",7900000.00,1013278.00,13144.76
639.00,59.36,"Tseung Kwan O, Hong Kong",7900000.00,1013278.00,12363.07
639.00,59.36,"Tseung Kwan O, Hong Kong",7900000.00,1013278.00,12363.07
441.00,40.97,"Tseung Kwan O, Hong Kong",7890000.00,1011995.00,17891.16
441.00,40.97,"Tseung Kwan O, Hong Kong",7890000.00,1011995.00,17891.16
441.00,40.97,"Tseung Kwan O, Hong Kong",7890000.00,1011995.00,17891.16
441.00,40.97,"Tseung Kwan O, Hong Kong",7890000.00,1011995.00,17891.16
427.00,39.67,"Aberdeen, Hong Kong",7880000.00,1010712.00,18454.33
470.00,43.66,"Tseung Kwan O, Hong Kong",7830000.00,1004299.00,16659.57
470.00,43.66,"Tseung Kwan O, Hong Kong",7830000.00,1004299.00,16659.57
470.00,43.66,"Tseung Kwan O, Hong Kong",7830000.00,1004299.00,16659.57
332.00,30.84,"Mid-levels West, Hong Kong",7800000.00,1000451.00,23493.98
406.00,37.72,"Tseung Kwan O, Hong Kong",7800000.00,1000451.00,19211.82
406.00,37.72,"Tseung Kwan O, Hong Kong",7800000.00,1000451.00,19211.82
406.00,37.72,"Tseung Kwan O, Hong Kong",7800000.00,1000451.00,19211.82
414.00,38.46,"Sha Tin, Hong Kong",7800000.00,1000451.00,18840.58
436.00,40.51,"Tseung Kwan O, Hong Kong",7800000.00,1000451.00,17889.91
436.00,40.51,"Tseung Kwan O, Hong Kong",7800000.00,1000451.00,17889.91
502.00,46.64,"Tseung Kwan O, Hong Kong",7800000.00,1000451.00,15537.85
502.00,46.64,"Tseung Kwan O, Hong Kong",7800000.00,1000451.00,15537.85
502.00,46.64,"Tseung Kwan O, Hong Kong",7800000.00,1000451.00,15537.85
502.00,46.64,"Tseung Kwan O, Hong Kong",7800000.00,1000451.00,15537.85
595.00,55.28,"Tseung Kwan O, Hong Kong",7800000.00,1000451.00,13109.24
601.00,55.83,"Tseung Kwan O, Hong Kong",7800000.00,1000451.00,12978.37
601.00,55.83,"Tseung Kwan O, Hong Kong",7800000.00,1000451.00,12978.37
650.00,60.39,"Tseung Kwan O, Hong Kong",7800000.00,1000451.00,12000.00
650.00,60.39,"Tseung Kwan O, Hong Kong",7800000.00,1000451.00,12000.00
568.00,52.77,"Sha Tin, Hong Kong",7700000.00,987625.00,13556.34
601.00,55.83,"Tseung Kwan O, Hong Kong",7700000.00,987625.00,12811.98
601.00,55.83,"Tseung Kwan O, Hong Kong",7700000.00,987625.00,12811.98
604.00,56.11,"Tseung Kwan O, Hong Kong",7700000.00,987625.00,12748.34
604.00,56.11,"Tseung Kwan O, Hong Kong",7700000.00,987625.00,12748.34
502.00,46.64,"Tseung Kwan O, Hong Kong",7680000.00,985060.00,15298.80
502.00,46.64,"Tseung Kwan O, Hong Kong",7680000.00,985060.00,15298.80
502.00,46.64,"Tseung Kwan O, Hong Kong",7680000.00,985060.00,15298.80
591.00,54.91,"Tseung Kwan O, Hong Kong",7680000.00,985060.00,12994.92
591.00,54.91,"Tseung Kwan O, Hong Kong",7680000.00,985060.00,12994.92
519.00,48.22,"Ho Man Tin, Hong Kong",7650000.00,981212.00,14739.88
332.00,30.84,"Mid-levels West, Hong Kong",7600000.00,974799.00,22891.57
484.00,44.96,"Sha Tin, Hong Kong",7600000.00,974799.00,15702.48
527.00,48.96,"Tseung Kwan O, Hong Kong",7600000.00,974799.00,14421.25
527.00,48.96,"Tseung Kwan O, Hong Kong",7600000.00,974799.00,14421.25
591.00,54.91,"Tseung Kwan O, Hong Kong",7600000.00,974799.00,12859.56
604.00,56.11,"Tseung Kwan O, Hong Kong",7600000.00,974799.00,12582.78
604.00,56.11,"Tseung Kwan O, Hong Kong",7600000.00,974799.00,12582.78
604.00,56.11,"Tseung Kwan O, Hong Kong",7600000.00,974799.00,12582.78
604.00,56.11,"Tseung Kwan O, Hong Kong",7600000.00,974799.00,12582.78
604.00,56.11,"Tseung Kwan O, Hong Kong",7600000.00,974799.00,12582.78
604.00,56.11,"Tseung Kwan O, Hong Kong",7560000.00,969668.00,12516.56
604.00,56.11,"Tseung Kwan O, Hong Kong",7560000.00,969668.00,12516.56
527.00,48.96,"Tseung Kwan O, Hong Kong",7510000.00,963255.00,14250.47
527.00,48.96,"Tseung Kwan O, Hong Kong",7510000.00,963255.00,14250.47
258.00,23.97,"Sha Tin, Hong Kong",7500000.00,961972.00,29069.77
296.00,27.50,"Sha Tin, Hong Kong",7500000.00,961972.00,25337.84
427.00,39.67,"Aberdeen, Hong Kong",7500000.00,961972.00,17564.40
443.00,41.16,"Sha Tin, Hong Kong",7500000.00,961972.00,16930.02
502.00,46.64,"Tseung Kwan O, Hong Kong",7500000.00,961972.00,14940.24
502.00,46.64,"Tseung Kwan O, Hong Kong",7500000.00,961972.00,14940.24
502.00,46.64,"Tseung Kwan O, Hong Kong",7500000.00,961972.00,14940.24
503.00,46.73,"Tseung Kwan O, Hong Kong",7500000.00,961972.00,14910.54
506.00,47.01,"Tseung Kwan O, Hong Kong",7500000.00,961972.00,14822.13
506.00,47.01,"Tseung Kwan O, Hong Kong",7500000.00,961972.00,14822.13
506.00,47.01,"Tseung Kwan O, Hong Kong",7500000.00,961972.00,14822.13
506.00,47.01,"Tseung Kwan O, Hong Kong",7500000.00,961972.00,14822.13
544.00,50.54,"Kwun Tong, Hong Kong",7500000.00,961972.00,13786.76
583.00,54.16,"Tseung Kwan O, Hong Kong",7500000.00,961972.00,12864.49
583.00,54.16,"Tseung Kwan O, Hong Kong",7480000.00,959407.00,12830.19
583.00,54.16,"Tseung Kwan O, Hong Kong",7480000.00,959407.00,12830.19
583.00,54.16,"Tseung Kwan O, Hong Kong",7480000.00,959407.00,12830.19
583.00,54.16,"Tseung Kwan O, Hong Kong",7480000.00,959407.00,12830.19
594.00,55.18,"Tseung Kwan O, Hong Kong",7480000.00,959407.00,12592.59
594.00,55.18,"Tseung Kwan O, Hong Kong",7480000.00,959407.00,12592.59
364.00,33.82,"Tseung Kwan O, Hong Kong",7450000.00,955559.00,20467.03
364.00,33.82,"Tseung Kwan O, Hong Kong",7450000.00,955559.00,20467.03
583.00,54.16,"Tseung Kwan O, Hong Kong",7450000.00,955559.00,12778.73
583.00,54.16,"Tseung Kwan O, Hong Kong",7450000.00,955559.00,12778.73
415.00,38.55,"Sha Tin, Hong Kong",7400000.00,949146.00,17831.33
604.00,56.11,"Tseung Kwan O, Hong Kong",7400000.00,949146.00,12251.66
604.00,56.11,"Tseung Kwan O, Hong Kong",7400000.00,949146.00,12251.66
413.00,38.37,"Tseung Kwan O, Hong Kong",7380000.00,946581.00,17869.25
413.00,38.37,"Tseung Kwan O, Hong Kong",7380000.00,946581.00,17869.25
413.00,38.37,"Tseung Kwan O, Hong Kong",7380000.00,946581.00,17869.25
422.00,39.20,"Aberdeen, Hong Kong",7380000.00,946581.00,17488.15
498.00,46.27,"Sha Tin, Hong Kong",7380000.00,946581.00,14819.28
554.00,51.47,"Tai Po, Hong Kong",7380000.00,946581.00,13321.30
601.00,55.83,"Tseung Kwan O, Hong Kong",7380000.00,946581.00,12279.53
601.00,55.83,"Tseung Kwan O, Hong Kong",7380000.00,946581.00,12279.53
601.00,55.83,"Tseung Kwan O, Hong Kong",7380000.00,946581.00,12279.53
601.00,55.83,"Tseung Kwan O, Hong Kong",7380000.00,946581.00,12279.53
601.00,55.83,"Tseung Kwan O, Hong Kong",7380000.00,946581.00,12279.53
601.00,55.83,"Tseung Kwan O, Hong Kong",7380000.00,946581.00,12279.53
317.00,29.45,"Tseung Kwan O, Hong Kong",7300000.00,936320.00,23028.39
317.00,29.45,"Tseung Kwan O, Hong Kong",7300000.00,936320.00,23028.39
348.00,32.33,"Tseung Kwan O, Hong Kong",7300000.00,936320.00,20977.01
348.00,32.33,"Tseung Kwan O, Hong Kong",7300000.00,936320.00,20977.01
363.00,33.72,"Tseung Kwan O, Hong Kong",7300000.00,936320.00,20110.19
363.00,33.72,"Tseung Kwan O, Hong Kong",7300000.00,936320.00,20110.19
583.00,54.16,"Tseung Kwan O, Hong Kong",7300000.00,936320.00,12521.44
506.00,47.01,"Tseung Kwan O, Hong Kong",7280000.00,933755.00,14387.35
506.00,47.01,"Tseung Kwan O, Hong Kong",7280000.00,933755.00,14387.35
506.00,47.01,"Tseung Kwan O, Hong Kong",7280000.00,933755.00,14387.35
583.00,54.16,"Tseung Kwan O, Hong Kong",7280000.00,933755.00,12487.14
583.00,54.16,"Tseung Kwan O, Hong Kong",7280000.00,933755.00,12487.14
601.00,55.83,"Tseung Kwan O, Hong Kong",7280000.00,933755.00,12113.14
601.00,55.83,"Tseung Kwan O, Hong Kong",7280000.00,933755.00,12113.14
304.00,28.24,"Aberdeen, Hong Kong",7250000.00,929907.00,23848.68
441.00,40.97,"Tseung Kwan O, Hong Kong",7250000.00,929907.00,16439.91
441.00,40.97,"Tseung Kwan O, Hong Kong",7250000.00,929907.00,16439.91
306.00,28.43,"Tseung Kwan O, Hong Kong",7200000.00,923494.00,23529.41
306.00,28.43,"Tseung Kwan O, Hong Kong",7200000.00,923494.00,23529.41
306.00,28.43,"Tseung Kwan O, Hong Kong",7200000.00,923494.00,23529.41
344.00,31.96,"Kennedy Town, Hong Kong",7200000.00,923494.00,20930.23
364.00,33.82,"Tseung Kwan O, Hong Kong",7200000.00,923494.00,19780.22
364.00,33.82,"Tseung Kwan O, Hong Kong",7200000.00,923494.00,19780.22
364.00,33.82,"Tseung Kwan O, Hong Kong",7200000.00,923494.00,19780.22
400.00,37.16,"Kennedy Town, Hong Kong",7200000.00,923494.00,18000.00
443.00,41.16,"Sha Tin, Hong Kong",7200000.00,923494.00,16252.82
482.00,44.78,"Sha Tin, Hong Kong",7200000.00,923494.00,14937.76
502.00,46.64,"Tseung Kwan O, Hong Kong",7200000.00,923494.00,14342.63
502.00,46.64,"Tseung Kwan O, Hong Kong",7200000.00,923494.00,14342.63
502.00,46.64,"Tseung Kwan O, Hong Kong",7200000.00,923494.00,14342.63
519.00,48.22,"Ho Man Tin, Hong Kong",7200000.00,923494.00,13872.83
527.00,48.96,"Tseung Kwan O, Hong Kong",7200000.00,923494.00,13662.24
539.00,50.07,"Tseung Kwan O, Hong Kong",7200000.00,923494.00,13358.07
363.00,33.72,"Tseung Kwan O, Hong Kong",7180000.00,920928.00,19779.61
363.00,33.72,"Tseung Kwan O, Hong Kong",7180000.00,920928.00,19779.61
377.00,35.02,"Tseung Kwan O, Hong Kong",7180000.00,920928.00,19045.09
377.00,35.02,"Tseung Kwan O, Hong Kong",7180000.00,920928.00,19045.09
481.00,44.69,"Tseung Kwan O, Hong Kong",7180000.00,920928.00,14927.23
481.00,44.69,"Tseung Kwan O, Hong Kong",7180000.00,920928.00,14927.23
577.00,53.60,"Wong Chuk Hang, Hong Kong",7180000.00,920928.00,12443.67
601.00,55.83,"Tseung Kwan O, Hong Kong",7180000.00,920928.00,11946.76
601.00,55.83,"Tseung Kwan O, Hong Kong",7180000.00,920928.00,11946.76
604.00,56.11,"Tseung Kwan O, Hong Kong",7180000.00,920928.00,11887.42
604.00,56.11,"Tseung Kwan O, Hong Kong",7180000.00,920928.00,11887.42
364.00,33.82,"Tseung Kwan O, Hong Kong",7100000.00,910667.00,19505.49
451.00,41.90,"Sha Tin, Hong Kong",7100000.00,910667.00,15742.79
451.00,41.90,"Sha Tin, Hong Kong",7100000.00,910667.00,15742.79
469.00,43.57,"Aberdeen, Hong Kong",7100000.00,910667.00,15138.59
389.00,36.14,"Sha Tin, Hong Kong",7080000.00,908102.00,18200.51
556.00,51.65,"Tseung Kwan O, Hong Kong",7080000.00,908102.00,12733.81
556.00,51.65,"Tseung Kwan O, Hong Kong",7080000.00,908102.00,12733.81
422.00,39.20,"Aberdeen, Hong Kong",7050000.00,904254.00,16706.16
539.00,50.07,"Tseung Kwan O, Hong Kong",7050000.00,904254.00,13079.78
539.00,50.07,"Tseung Kwan O, Hong Kong",7050000.00,904254.00,13079.78
539.00,50.07,"Tseung Kwan O, Hong Kong",7050000.00,904254.00,13079.78
351.00,32.61,"Tseung Kwan O, Hong Kong",7000000.00,897841.00,19943.02
351.00,32.61,"Tseung Kwan O, Hong Kong",7000000.00,897841.00,19943.02
363.00,33.72,"Tseung Kwan O, Hong Kong",7000000.00,897841.00,19283.75
363.00,33.72,"Tseung Kwan O, Hong Kong",7000000.00,897841.00,19283.75
386.00,35.86,"Sha Tin, Hong Kong",7000000.00,897841.00,18134.72
420.00,39.02,Hong Kong,7000000.00,897841.00,16666.67
487.00,45.24,"Tseung Kwan O, Hong Kong",7000000.00,897841.00,14373.72
487.00,45.24,"Tseung Kwan O, Hong Kong",7000000.00,897841.00,14373.72
487.00,45.24,"Tseung Kwan O, Hong Kong",7000000.00,897841.00,14373.72
518.00,48.12,"Tai Po, Hong Kong",7000000.00,897841.00,13513.51
548.00,50.91,"Sha Tin, Hong Kong",7000000.00,897841.00,12773.72
554.00,51.47,"Tai Po, Hong Kong",7000000.00,897841.00,12635.38
592.00,55.00,"Tseung Kwan O, Hong Kong",7000000.00,897841.00,11824.32
352.00,32.70,"Ho Man Tin, Hong Kong",6980000.00,895276.00,19829.55
503.00,46.73,"Tseung Kwan O, Hong Kong",6980000.00,895276.00,13876.74
503.00,46.73,"Tseung Kwan O, Hong Kong",6980000.00,895276.00,13876.74
504.00,46.82,"Aberdeen, Hong Kong",6980000.00,895276.00,13849.21
505.00,46.92,"Tai Po, Hong Kong",6980000.00,895276.00,13821.78
583.00,54.16,"Tseung Kwan O, Hong Kong",6980000.00,895276.00,11972.56
583.00,54.16,"Tseung Kwan O, Hong Kong",6980000.00,895276.00,11972.56
583.00,54.16,"Tseung Kwan O, Hong Kong",6980000.00,895276.00,11972.56
583.00,54.16,"Tseung Kwan O, Hong Kong",6980000.00,895276.00,11972.56
626.00,58.16,"Tai Po, Hong Kong",6980000.00,895276.00,11150.16
700.00,65.03,"Sha Tin, Hong Kong",6980000.00,895276.00,9971.43
411.00,38.18,"Tseung Kwan O, Hong Kong",6950000.00,891428.00,16909.98
411.00,38.18,"Tseung Kwan O, Hong Kong",6950000.00,891428.00,16909.98
411.00,38.18,"Tseung Kwan O, Hong Kong",6950000.00,891428.00,16909.98
539.00,50.07,"Tseung Kwan O, Hong Kong",6950000.00,891428.00,12894.25
340.00,31.59,"Sha Tin, Hong Kong",6900000.00,885015.00,20294.12
413.00,38.37,"Tseung Kwan O, Hong Kong",6900000.00,885015.00,16707.02
413.00,38.37,"Tseung Kwan O, Hong Kong",6900000.00,885015.00,16707.02
413.00,38.37,"Tseung Kwan O, Hong Kong",6900000.00,885015.00,16707.02
420.00,39.02,"Tseung Kwan O, Hong Kong",6900000.00,885015.00,16428.57
460.00,42.74,"Yuen Long, Hong Kong",6900000.00,885015.00,15000.00
465.00,43.20,"Sha Tin, Hong Kong",6900000.00,885015.00,14838.71
465.00,43.20,"Sha Tin, Hong Kong",6900000.00,885015.00,14838.71
505.00,46.92,"Tai Po, Hong Kong",6900000.00,885015.00,13663.37
526.00,48.87,"Sha Tin, Hong Kong",6900000.00,885015.00,13117.87
592.00,55.00,"Tseung Kwan O, Hong Kong",6900000.00,885015.00,11655.41
288.00,26.76,"Wan Chai, Hong Kong",6880000.00,882449.00,23888.89
366.00,34.00,"Aberdeen, Hong Kong",6880000.00,882449.00,18797.81
498.00,46.27,"Sha Tin, Hong Kong",6880000.00,882449.00,13815.26
592.00,55.00,"Tseung Kwan O, Hong Kong",6880000.00,882449.00,11621.62
370.00,34.37,"Sha Tin, Hong Kong",6800000.00,872188.00,18378.38
410.00,38.09,"Tseung Kwan O, Hong Kong",6800000.00,872188.00,16585.37
410.00,38.09,"Tseung Kwan O, Hong Kong",6800000.00,872188.00,16585.37
420.00,39.02,"Tseung Kwan O, Hong Kong",6800000.00,872188.00,16190.48
420.00,39.02,"Tseung Kwan O, Hong Kong",6800000.00,872188.00,16190.48
497.00,46.17,"Tseung Kwan O, Hong Kong",6800000.00,872188.00,13682.09
497.00,46.17,"Tseung Kwan O, Hong Kong",6800000.00,872188.00,13682.09
506.00,47.01,"Tseung Kwan O, Hong Kong",6800000.00,872188.00,13438.74
538.00,49.98,"Tseung Kwan O, Hong Kong",6800000.00,872188.00,12639.41
538.00,49.98,"Tseung Kwan O, Hong Kong",6800000.00,872188.00,12639.41
538.00,49.98,"Tseung Kwan O, Hong Kong",6800000.00,872188.00,12639.41
554.00,51.47,"Tseung Kwan O, Hong Kong",6800000.00,872188.00,12274.37
554.00,51.47,"Tseung Kwan O, Hong Kong",6800000.00,872188.00,12274.37
554.00,51.47,"Tseung Kwan O, Hong Kong",6800000.00,872188.00,12274.37
554.00,51.47,"Tseung Kwan O, Hong Kong",6800000.00,872188.00,12274.37
560.00,52.03,"Sha Tin, Hong Kong",6800000.00,872188.00,12142.86
554.00,51.47,"Tseung Kwan O, Hong Kong",6780000.00,869623.00,12238.27
554.00,51.47,"Tseung Kwan O, Hong Kong",6780000.00,869623.00,12238.27
336.00,31.22,"Tai Po, Hong Kong",6750000.00,865775.00,20089.29
386.00,35.86,"Sha Tin, Hong Kong",6750000.00,865775.00,17487.05
483.00,44.87,"Tseung Kwan O, Hong Kong",6750000.00,865775.00,13975.16
483.00,44.87,"Tseung Kwan O, Hong Kong",6750000.00,865775.00,13975.16
483.00,44.87,"Tseung Kwan O, Hong Kong",6750000.00,865775.00,13975.16
483.00,44.87,"Tseung Kwan O, Hong Kong",6750000.00,865775.00,13975.16
518.00,48.12,"Tai Po, Hong Kong",6750000.00,865775.00,13030.89
539.00,50.07,"Tseung Kwan O, Hong Kong",6750000.00,865775.00,12523.19
539.00,50.07,"Tseung Kwan O, Hong Kong",6750000.00,865775.00,12523.19
539.00,50.07,"Tseung Kwan O, Hong Kong",6750000.00,865775.00,12523.19
591.00,54.91,"Tai Po, Hong Kong",6750000.00,865775.00,11421.32
364.00,33.82,"Tseung Kwan O, Hong Kong",6700000.00,859362.00,18406.59
364.00,33.82,"Tseung Kwan O, Hong Kong",6700000.00,859362.00,18406.59
371.00,34.47,"Tai Po, Hong Kong",6700000.00,859362.00,18059.30
448.00,41.62,"Tseung Kwan O, Hong Kong",6700000.00,859362.00,14955.36
448.00,41.62,"Tseung Kwan O, Hong Kong",6700000.00,859362.00,14955.36
448.00,41.62,"Tseung Kwan O, Hong Kong",6700000.00,859362.00,14955.36
554.00,51.47,"Tseung Kwan O, Hong Kong",6700000.00,859362.00,12093.86
554.00,51.47,"Tseung Kwan O, Hong Kong",6700000.00,859362.00,12093.86
554.00,51.47,"Tseung Kwan O, Hong Kong",6700000.00,859362.00,12093.86
598.00,55.56,"Tai Po, Hong Kong",6700000.00,859362.00,11204.01
700.00,65.03,"Tai Po, Hong Kong",6700000.00,859362.00,9571.43
465.00,43.20,"Tseung Kwan O, Hong Kong",6680000.00,856797.00,14365.59
465.00,43.20,"Tseung Kwan O, Hong Kong",6680000.00,856797.00,14365.59
497.00,46.17,"Tseung Kwan O, Hong Kong",6680000.00,856797.00,13440.64
497.00,46.17,"Tseung Kwan O, Hong Kong",6680000.00,856797.00,13440.64
497.00,46.17,"Tseung Kwan O, Hong Kong",6680000.00,856797.00,13440.64
409.00,38.00,"Sha Tin, Hong Kong",6600000.00,846536.00,16136.92
431.00,40.04,"Tai Po, Hong Kong",6600000.00,846536.00,15313.23
465.00,43.20,"Tseung Kwan O, Hong Kong",6600000.00,846536.00,14193.55
465.00,43.20,"Tseung Kwan O, Hong Kong",6600000.00,846536.00,14193.55
465.00,43.20,"Tseung Kwan O, Hong Kong",6600000.00,846536.00,14193.55
465.00,43.20,"Tseung Kwan O, Hong Kong",6600000.00,846536.00,14193.55
495.00,45.99,"Tai Po, Hong Kong",6600000.00,846536.00,13333.33
588.00,54.63,"Tseung Kwan O, Hong Kong",6600000.00,846536.00,11224.49
588.00,54.63,"Tseung Kwan O, Hong Kong",6600000.00,846536.00,11224.49
588.00,54.63,"Tseung Kwan O, Hong Kong",6600000.00,846536.00,11224.49
588.00,54.63,"Tseung Kwan O, Hong Kong",6600000.00,846536.00,11224.49
592.00,55.00,"Tseung Kwan O, Hong Kong",6600000.00,846536.00,11148.65
282.00,26.20,"Kennedy Town, Hong Kong",6580000.00,843971.00,23333.33
506.00,47.01,"Tseung Kwan O, Hong Kong",6580000.00,843971.00,13003.95
364.00,33.82,"Tseung Kwan O, Hong Kong",6550000.00,840123.00,17994.51
364.00,33.82,"Tseung Kwan O, Hong Kong",6550000.00,840123.00,17994.51
268.00,24.90,"Sha Tin, Hong Kong",6500000.00,833709.00,24253.73
274.00,25.46,"Central, Hong Kong",6500000.00,833709.00,23722.63
310.00,28.80,Hong Kong,6500000.00,833709.00,20967.74
319.00,29.64,"Kennedy Town, Hong Kong",6500000.00,833709.00,20376.18
327.00,30.38,"Sha Tin, Hong Kong",6500000.00,833709.00,19877.68
351.00,32.61,"Tseung Kwan O, Hong Kong",6500000.00,833709.00,18518.52
354.00,32.89,Hong Kong,6500000.00,833709.00,18361.58
391.00,36.32,"Aberdeen, Hong Kong",6500000.00,833709.00,16624.04
424.00,39.39,"Sai Kung, Hong Kong",6500000.00,833709.00,15330.19
431.00,40.04,"Tai Po, Hong Kong",6500000.00,833709.00,15081.21
446.00,41.43,"Tuen Mun, Hong Kong",6500000.00,833709.00,14573.99
588.00,54.63,"Tseung Kwan O, Hong Kong",6500000.00,833709.00,11054.42
589.00,54.72,"Tseung Kwan O, Hong Kong",6500000.00,833709.00,11035.65
589.00,54.72,"Tseung Kwan O, Hong Kong",6500000.00,833709.00,11035.65
639.00,59.36,Hong Kong,6500000.00,833709.00,10172.14
354.00,32.89,"Tseung Kwan O, Hong Kong",6490000.00,832427.00,18333.33
354.00,32.89,"Tseung Kwan O, Hong Kong",6490000.00,832427.00,18333.33
354.00,32.89,"Tseung Kwan O, Hong Kong",6490000.00,832427.00,18333.33
327.00,30.38,"Sha Tin, Hong Kong",6480000.00,831144.00,19816.51
592.00,55.00,"Tseung Kwan O, Hong Kong",6480000.00,831144.00,10945.95
592.00,55.00,"Tseung Kwan O, Hong Kong",6480000.00,831144.00,10945.95
354.00,32.89,"Tseung Kwan O, Hong Kong",6450000.00,827296.00,18220.34
354.00,32.89,"Tseung Kwan O, Hong Kong",6450000.00,827296.00,18220.34
354.00,32.89,"Tseung Kwan O, Hong Kong",6450000.00,827296.00,18220.34
469.00,43.57,"Sha Tin, Hong Kong",6450000.00,827296.00,13752.67
421.00,39.11,"Wong Chuk Hang, Hong Kong",6400000.00,820883.00,15201.90
497.00,46.17,"Tseung Kwan O, Hong Kong",6400000.00,820883.00,12877.26
497.00,46.17,"Tseung Kwan O, Hong Kong",6400000.00,820883.00,12877.26
645.00,59.92,"Tseung Kwan O, Hong Kong",6400000.00,820883.00,9922.48
351.00,32.61,"Tseung Kwan O, Hong Kong",6380000.00,818318.00,18176.64
592.00,55.00,"Tseung Kwan O, Hong Kong",6380000.00,818318.00,10777.03
592.00,55.00,"Tseung Kwan O, Hong Kong",6380000.00,818318.00,10777.03
327.00,30.38,"Sha Tin, Hong Kong",6350000.00,814470.00,19418.96
327.00,30.38,"Sha Tin, Hong Kong",6300000.00,808057.00,19266.06
375.00,34.84,"Tseung Kwan O, Hong Kong",6300000.00,808057.00,16800.00
375.00,34.84,"Tseung Kwan O, Hong Kong",6300000.00,808057.00,16800.00
375.00,34.84,"Tseung Kwan O, Hong Kong",6300000.00,808057.00,16800.00
413.00,38.37,"Kennedy Town, Hong Kong",6300000.00,808057.00,15254.24
443.00,41.16,"Tseung Kwan O, Hong Kong",6300000.00,808057.00,14221.22
443.00,41.16,"Tseung Kwan O, Hong Kong",6300000.00,808057.00,14221.22
487.00,45.24,Hong Kong,6300000.00,808057.00,12936.34
520.00,48.31,"Kwun Tong, Hong Kong",6300000.00,808057.00,12115.38
592.00,55.00,"Tuen Mun, Hong Kong",6300000.00,808057.00,10641.89
308.00,28.61,"Sha Tin, Hong Kong",6280000.00,805492.00,20389.61
427.00,39.67,"Tseung Kwan O, Hong Kong",6280000.00,805492.00,14707.26
427.00,39.67,"Tseung Kwan O, Hong Kong",6280000.00,805492.00,14707.26
363.00,33.72,"Sha Tin, Hong Kong",6250000.00,801644.00,17217.63
592.00,55.00,"Tseung Kwan O, Hong Kong",6250000.00,801644.00,10557.43
592.00,55.00,"Tseung Kwan O, Hong Kong",6220000.00,797796.00,10506.76
592.00,55.00,"Tseung Kwan O, Hong Kong",6220000.00,797796.00,10506.76
327.00,30.38,"Sha Tin, Hong Kong",6200000.00,795231.00,18960.24
337.00,31.31,Hong Kong,6200000.00,795231.00,18397.63
346.00,32.14,"Sha Tin, Hong Kong",6200000.00,795231.00,17919.08
355.00,32.98,"Tai Po, Hong Kong",6200000.00,795231.00,17464.79
401.00,37.25,"Sha Tin, Hong Kong",6200000.00,795231.00,15461.35
469.00,43.57,Hong Kong,6200000.00,795231.00,13219.62
592.00,55.00,"Tseung Kwan O, Hong Kong",6200000.00,795231.00,10472.97
339.00,31.49,Hong Kong,6180000.00,792665.00,18230.09
343.00,31.87,"Aberdeen, Hong Kong",6180000.00,792665.00,18017.49
302.00,28.06,"Kennedy Town, Hong Kong",6100000.00,782404.00,20198.68
400.00,37.16,"Tai Po, Hong Kong",6100000.00,782404.00,15250.00
426.00,39.58,"Tseung Kwan O, Hong Kong",6100000.00,782404.00,14319.25
435.00,40.41,"Tseung Kwan O, Hong Kong",6100000.00,782404.00,14022.99
435.00,40.41,"Tseung Kwan O, Hong Kong",6100000.00,782404.00,14022.99
435.00,40.41,"Tseung Kwan O, Hong Kong",6100000.00,782404.00,14022.99
343.00,31.87,"Aberdeen, Hong Kong",6080000.00,779839.00,17725.95
397.00,36.88,"Tai Po, Hong Kong",6080000.00,779839.00,15314.86
421.00,39.11,"Tseung Kwan O, Hong Kong",6080000.00,779839.00,14441.81
421.00,39.11,"Tseung Kwan O, Hong Kong",6080000.00,779839.00,14441.81
490.00,45.52,"Sha Tin, Hong Kong",6080000.00,779839.00,12408.16
589.00,54.72,"Tseung Kwan O, Hong Kong",6030000.00,773426.00,10237.69
354.00,32.89,"Tseung Kwan O, Hong Kong",6010000.00,770861.00,16977.40
354.00,32.89,"Tseung Kwan O, Hong Kong",6010000.00,770861.00,16977.40
222.00,20.62,"Sha Tin, Hong Kong",6000000.00,769578.00,27027.03
259.00,24.06,"Kennedy Town, Hong Kong",6000000.00,769578.00,23166.02
320.00,29.73,"Aberdeen, Hong Kong",6000000.00,769578.00,18750.00
327.00,30.38,"Sha Tin, Hong Kong",6000000.00,769578.00,18348.62
379.00,35.21,"Tai Po, Hong Kong",6000000.00,769578.00,15831.13
390.00,36.23,"Kennedy Town, Hong Kong",6000000.00,769578.00,15384.62
396.00,36.79,"Aberdeen, Hong Kong",6000000.00,769578.00,15151.52
401.00,37.25,"Tseung Kwan O, Hong Kong",6000000.00,769578.00,14962.59
401.00,37.25,"Tseung Kwan O, Hong Kong",6000000.00,769578.00,14962.59
401.00,37.25,"Tseung Kwan O, Hong Kong",6000000.00,769578.00,14962.59
431.00,40.04,"Tai Po, Hong Kong",6000000.00,769578.00,13921.11
431.00,40.04,"Tai Po, Hong Kong",6000000.00,769578.00,13921.11
432.00,40.13,"Tai Po, Hong Kong",6000000.00,769578.00,13888.89
443.00,41.16,"Tseung Kwan O, Hong Kong",6000000.00,769578.00,13544.02
443.00,41.16,"Tseung Kwan O, Hong Kong",6000000.00,769578.00,13544.02
443.00,41.16,"Tseung Kwan O, Hong Kong",6000000.00,769578.00,13544.02
443.00,41.16,"Tseung Kwan O, Hong Kong",6000000.00,769578.00,13544.02
495.00,45.99,"Tseung Kwan O, Hong Kong",6000000.00,769578.00,12121.21
495.00,45.99,"Tseung Kwan O, Hong Kong",6000000.00,769578.00,12121.21
589.00,54.72,"Tseung Kwan O, Hong Kong",6000000.00,769578.00,10186.76
684.00,63.55,"Yau Ma Tei, Hong Kong",6000000.00,769578.00,8771.93
259.00,24.06,"Kennedy Town, Hong Kong",5990000.00,768295.00,23127.41
340.00,31.59,"Aberdeen, Hong Kong",5980000.00,767013.00,17588.24
400.00,37.16,"Tai Po, Hong Kong",5980000.00,767013.00,14950.00
423.00,39.30,"Aberdeen, Hong Kong",5980000.00,767013.00,14137.12
563.00,52.30,"Tai Po, Hong Kong",5980000.00,767013.00,10621.67
401.00,37.25,"Tseung Kwan O, Hong Kong",5960000.00,764447.00,14862.84
314.00,29.17,"Sha Tin, Hong Kong",5880000.00,754186.00,18726.11
351.00,32.61,"Tseung Kwan O, Hong Kong",5880000.00,754186.00,16752.14
351.00,32.61,"Tseung Kwan O, Hong Kong",5880000.00,754186.00,16752.14
254.00,23.60,"Sha Tin, Hong Kong",5800000.00,743925.00,22834.65
356.00,33.07,"Kennedy Town, Hong Kong",5800000.00,743925.00,16292.13
401.00,37.25,"Tseung Kwan O, Hong Kong",5800000.00,743925.00,14463.84
401.00,37.25,"Tseung Kwan O, Hong Kong",5800000.00,743925.00,14463.84
401.00,37.25,"Tseung Kwan O, Hong Kong",5800000.00,743925.00,14463.84
401.00,37.25,"Tseung Kwan O, Hong Kong",5800000.00,743925.00,14463.84
447.00,41.53,"Tai Po, Hong Kong",5800000.00,743925.00,12975.39
448.00,41.62,"Tai Po, Hong Kong",5800000.00,743925.00,12946.43
490.00,45.52,"Sha Tin, Hong Kong",5800000.00,743925.00,11836.73
526.00,48.87,"Stanley, Hong Kong",5800000.00,743925.00,11026.62
304.00,28.24,"Sha Tin, Hong Kong",5780000.00,741360.00,19013.16
452.00,41.99,"Tseung Kwan O, Hong Kong",5780000.00,741360.00,12787.61
284.00,26.38,"Sha Tin, Hong Kong",5700000.00,731099.00,20070.42
469.00,43.57,"Sha Tin, Hong Kong",5700000.00,731099.00,12153.52
401.00,37.25,"Tseung Kwan O, Hong Kong",5680000.00,728534.00,14164.59
401.00,37.25,"Tseung Kwan O, Hong Kong",5680000.00,728534.00,14164.59
401.00,37.25,"Tseung Kwan O, Hong Kong",5680000.00,728534.00,14164.59
304.00,28.24,"Sha Tin, Hong Kong",5600000.00,718273.00,18421.05
438.00,40.69,"Tai Po, Hong Kong",5600000.00,718273.00,12785.39
284.00,26.38,"Sha Tin, Hong Kong",5580000.00,715708.00,19647.89
285.00,26.48,"Sha Tin, Hong Kong",5580000.00,715708.00,19578.95
336.00,31.22,"Sha Tin, Hong Kong",5580000.00,715708.00,16607.14
222.00,20.62,"Sha Tin, Hong Kong",5500000.00,705446.00,24774.77
227.00,21.09,"Sha Tin, Hong Kong",5500000.00,705446.00,24229.07
280.00,26.01,"Aberdeen, Hong Kong",5500000.00,705446.00,19642.86
495.00,45.99,"Tseung Kwan O, Hong Kong",5500000.00,705446.00,11111.11
342.00,31.77,"Tai Po, Hong Kong",5450000.00,699033.00,15935.67
342.00,31.77,"Tai Po, Hong Kong",5400000.00,692620.00,15789.47
422.00,39.20,"Tai Po, Hong Kong",5400000.00,692620.00,12796.21
452.00,41.99,"Tseung Kwan O, Hong Kong",5400000.00,692620.00,11946.90
485.00,45.06,"Tseung Kwan O, Hong Kong",5400000.00,692620.00,11134.02
485.00,45.06,"Tseung Kwan O, Hong Kong",5400000.00,692620.00,11134.02
312.00,28.99,"Sha Tin, Hong Kong",5350000.00,686207.00,17147.44
353.00,32.79,Hong Kong,5300000.00,679794.00,15014.16
371.00,34.47,"Aberdeen, Hong Kong",5300000.00,679794.00,14285.71
375.00,34.84,"Sha Tin, Hong Kong",5300000.00,679794.00,14133.33
390.00,36.23,"Tai Po, Hong Kong",5300000.00,679794.00,13589.74
401.00,37.25,"Tseung Kwan O, Hong Kong",5300000.00,679794.00,13216.96
401.00,37.25,"Tseung Kwan O, Hong Kong",5300000.00,679794.00,13216.96
401.00,37.25,"Tseung Kwan O, Hong Kong",5300000.00,679794.00,13216.96
401.00,37.25,"Tseung Kwan O, Hong Kong",5300000.00,679794.00,13216.96
401.00,37.25,"Tseung Kwan O, Hong Kong",5300000.00,679794.00,13216.96
401.00,37.25,"Tseung Kwan O, Hong Kong",5300000.00,679794.00,13216.96
401.00,37.25,Hong Kong,5300000.00,679794.00,13216.96
435.00,40.41,"Tai Po, Hong Kong",5300000.00,679794.00,12183.91
495.00,45.99,"Tseung Kwan O, Hong Kong",5250000.00,673381.00,10606.06
252.00,23.41,"Sha Tin, Hong Kong",5200000.00,666968.00,20634.92
284.00,26.38,"Sha Tin, Hong Kong",5200000.00,666968.00,18309.86
447.00,41.53,"Tai Po, Hong Kong",5200000.00,666968.00,11633.11
242.00,22.48,"Sha Tin, Hong Kong",5150000.00,660554.00,21280.99
254.00,23.60,"Sha Tin, Hong Kong",5100000.00,654141.00,20078.74
282.00,26.20,"Sha Tin, Hong Kong",5100000.00,654141.00,18085.11
374.00,34.75,"Tai Po, Hong Kong",5100000.00,654141.00,13636.36
294.00,27.31,"Tai Po, Hong Kong",5050000.00,647728.00,17176.87
316.00,29.36,"Wan Chai, Hong Kong",5050000.00,647728.00,15981.01
254.00,23.60,"Sha Tin, Hong Kong",5020000.00,643880.00,19763.78
339.00,31.49,"Tai Po, Hong Kong",5000000.00,641315.00,14749.26
401.00,37.25,"Tseung Kwan O, Hong Kong",5000000.00,641315.00,12468.83
624.00,57.97,"Tai Po, Hong Kong",5000000.00,641315.00,8012.82
260.00,24.15,"Sha Tin, Hong Kong",4990000.00,640032.00,19192.31
305.00,28.34,"Sha Tin, Hong Kong",4990000.00,640032.00,16360.66
381.00,35.40,"Sha Tin, Hong Kong",4990000.00,640032.00,13097.11
700.00,65.03,"Tai Po, Hong Kong",4990000.00,640032.00,7128.57
195.00,18.12,"Aberdeen, Hong Kong",4980000.00,638750.00,25538.46
320.00,29.73,"Tai Po, Hong Kong",4980000.00,638750.00,15562.50
320.00,29.73,"Tai Po, Hong Kong",4980000.00,638750.00,15562.50
341.00,31.68,Hong Kong,4980000.00,638750.00,14604.11
252.00,23.41,"Sha Tin, Hong Kong",4910000.00,629771.00,19484.13
296.00,27.50,"Tai Po, Hong Kong",4900000.00,628489.00,16554.05
349.00,32.42,"Tseung Kwan O, Hong Kong",4900000.00,628489.00,14040.11
349.00,32.42,"Tseung Kwan O, Hong Kong",4900000.00,628489.00,14040.11
381.00,35.40,"Sha Tin, Hong Kong",4880000.00,625923.00,12808.40
632.00,58.71,"Tai Po, Hong Kong",4880000.00,625923.00,7721.52
242.00,22.48,"Sha Tin, Hong Kong",4850000.00,622076.00,20041.32
270.00,25.08,"Sha Tin, Hong Kong",4850000.00,622076.00,17962.96
366.00,34.00,"Tseung Kwan O, Hong Kong",4800000.00,615662.00,13114.75
366.00,34.00,"Tseung Kwan O, Hong Kong",4800000.00,615662.00,13114.75
394.00,36.60,"Sha Tin, Hong Kong",4800000.00,615662.00,12182.74
279.00,25.92,"Sha Tin, Hong Kong",4750000.00,609249.00,17025.09
365.00,33.91,"Tai Po, Hong Kong",4700000.00,602836.00,12876.71
376.00,34.93,"Tai Po, Hong Kong",4700000.00,602836.00,12500.00
539.00,50.07,"Sha Tin, Hong Kong",4700000.00,602836.00,8719.85
304.00,28.24,Hong Kong,4680000.00,600271.00,15394.74
255.00,23.69,Hong Kong,4600000.00,590010.00,18039.22
315.00,29.26,"Tai Po, Hong Kong",4600000.00,590010.00,14603.17
229.00,21.27,Hong Kong,4500000.00,577183.00,19650.66
349.00,32.42,"Tseung Kwan O, Hong Kong",4500000.00,577183.00,12893.98
349.00,32.42,"Tseung Kwan O, Hong Kong",4500000.00,577183.00,12893.98
355.00,32.98,"Tai Po, Hong Kong",4500000.00,577183.00,12676.06
245.00,22.76,"Hung Hom, Hong Kong",4450000.00,570770.00,18163.27
591.00,54.91,"Tai Po, Hong Kong",4400000.00,564357.00,7445.01
200.00,18.58,Hong Kong,4300000.00,551531.00,21500.00
208.00,19.32,"Tseung Kwan O, Hong Kong",4200000.00,538705.00,20192.31
187.00,17.37,"Kennedy Town, Hong Kong",3990000.00,511769.00,21336.90
490.00,45.52,"Tai Po, Hong Kong",3930000.00,504074.00,8020.41
212.00,19.70,"Tseung Kwan O, Hong Kong",3900000.00,500226.00,18396.23
212.00,19.70,"Tseung Kwan O, Hong Kong",3900000.00,500226.00,18396.23
211.00,19.60,"Tseung Kwan O, Hong Kong",3850000.00,493813.00,18246.45
211.00,19.60,"Tseung Kwan O, Hong Kong",3850000.00,493813.00,18246.45
213.00,19.79,"Tseung Kwan O, Hong Kong",3800000.00,487399.00,17840.38
350.00,32.52,"Tai Po, Hong Kong",3800000.00,487399.00,10857.14
489.00,45.43,"Tai Po, Hong Kong",3800000.00,487399.00,7770.96
399.00,37.07,"Tai Po, Hong Kong",3780000.00,484834.00,9473.68
381.00,35.40,"Aberdeen, Hong Kong",3680000.00,472008.00,9658.79
381.00,35.40,"Aberdeen, Hong Kong",3650000.00,468160.00,9580.05
213.00,19.79,"Tseung Kwan O, Hong Kong",3590000.00,460464.00,16854.46
213.00,19.79,"Tseung Kwan O, Hong Kong",3590000.00,460464.00,16854.46
401.00,37.25,"Tai Po, Hong Kong",3580000.00,459182.00,8927.68
475.00,44.13,"Tai Po, Hong Kong",3500000.00,448920.00,7368.42
489.00,45.43,"Tai Po, Hong Kong",3500000.00,448920.00,7157.46
381.00,35.40,"Aberdeen, Hong Kong",3380000.00,433529.00,8871.39
164.00,15.24,"Tseung Kwan O, Hong Kong",3280000.00,420703.00,20000.00
443.00,41.16,"Tai Po, Hong Kong",3200000.00,410442.00,7223.48
443.00,41.16,"Tai Po, Hong Kong",3100000.00,397615.00,6997.74
443.00,41.16,"Tai Po, Hong Kong",3100000.00,397615.00,6997.74
228.00,21.18,"Tai Po, Hong Kong",3000000.00,384789.00,13157.89
443.00,41.16,"Tai Po, Hong Kong",3000000.00,384789.00,6772.01
121.00,11.24,"Tai Po, Hong Kong",2700000.00,346310.00,22314.05
349.00,32.42,"Tai Po, Hong Kong",2500000.00,320657.00,7163.32
376.00,34.93,"Tai Po, Hong Kong",2500000.00,320657.00,6648.94
381.00,35.40,"Tai Po, Hong Kong",2500000.00,320657.00,6561.68
349.00,32.42,"Tai Po, Hong Kong",2370000.00,303983.00,6790.83
489.00,45.43,"Tai Po, Hong Kong",2350000.00,301418.00,4805.73
366.00,34.00,"Tai Po, Hong Kong",2300000.00,295005.00,6284.15
349.00,32.42,"Tai Po, Hong Kong",2230000.00,286026.00,6389.68
286.00,26.57,"Tai Po, Hong Kong",2100000.00,269352.00,7342.66
349.00,32.42,"Tai Po, Hong Kong",2000000.00,256526.00,5730.66
355.00,32.98,"Tai Po, Hong Kong",1750000.00,224460.00,4929.58
234.00,21.74,"Tai Po, Hong Kong",1000000.00,128263.00,4273.50
